name,driver_id,vechicle,contact_number
Scott Stanley,DID001,Nissan NV200,1-563-001-6911
Gary Elliott,DID002,RAM ProMaster,1-623-324-3077
Jason Snyder,DID003,Fiat Ducato,(301) 487-9908
Timothy Marshall MD,DID004,Ford Transit,448.343.9363
Keith Meyer,DID005,GMC Savana,1-923-591-5863
Nathan Pierce,DID006,Fiat Ducato,+1 (748) 441-9133
Julie Collier,DID007,Fiat Ducato,817.450.1274
Wendy Ross,DID008,Volkswagen Crafter,+1 (496) 955-5543
Mark George,DID009,Mercedes Sprinter,554.031.7309
Justin Smith,DID010,Toyota Hiace,895 038 9514
Robert Hammond,DID011,Fiat Ducato,743.797.5952
Scott Hawkins,DID012,RAM ProMaster,834-384-3569 x422
Pamela Matthews,DID013,Mercedes Sprinter,173 668 0386
Sharon Rios,DID014,Fiat Ducato,(868) 318-5704 x876
Laura Jones,DID015,Ford Transit,1-544-017-0524
Edward Gonzalez,DID016,Fiat Ducato,(536) 834-2718
Nicole Nelson,DID017,Toyota Hiace,(807) 415-0735
Ashley Collins,DID018,Volkswagen Crafter,1 (269) 200-9697
Nicole Williams,DID019,Mercedes Sprinter,+1 (784) 794-8614
Dwayne Ware,DID020,Ford Transit,1-275-500-1783
Carlos Dixon,DID021,Renault Master,(930) 557-8096 x994
Lauren Smith,DID022,Renault Master,(954) 505-8661
Amber Perez,DID023,Toyota Hiace,440 409 4487
Robert Parker,DID024,Renault Master,+1 (106) 727-5897
Krista Fowler,DID025,Toyota Hiace,459-508-7156
Joshua Brown,DID026,Toyota Hiace,434-567-2499
Melissa Anderson,DID027,GMC Savana,1-725-935-7172
Corey Bell,DID028,Renault Master,449.277.6493
Mark Moore,DID029,Fiat Ducato,358 890 9517
David Hale,DID030,Mercedes Sprinter,+1 (161) 764-0161
Catherine Hayes,DID031,Chevrolet Express,230-788-5231
Cynthia Mccormick,DID032,Volkswagen Crafter,(937) 789-8272
Victor Grant,DID033,Toyota Hiace,278.587.7175
John Young,DID034,Toyota Hiace,657.050.6047
Cassandra Gilmore DVM,DID035,RAM ProMaster,+1 (202) 604-4653
David Tucker,DID036,Nissan NV200,731-034-3958
Edwin Sloan,DID037,RAM ProMaster,1 (348) 839-9945
Emily Lee,DID038,Ford Transit,1 (166) 240-7090
Heather Moore,DID039,Chevrolet Express,1 (226) 866-7981
Sara Moon,DID040,Chevrolet Express,+1 (294) 851-1990
Malik Hunter,DID041,Mercedes Sprinter,1-191-403-4524
Brian Carter,DID042,Nissan NV200,994 359 7264
Charlotte Clark,DID043,Chevrolet Express,395.753.8756
Madison Mcbride,DID044,Toyota Hiace,358 061 6192
Joseph Erickson,DID045,Volkswagen Crafter,1-358-778-5812
Christopher Lambert,DID046,Renault Master,768-491-0611
Jessica Hamilton,DID047,Toyota Hiace,(538) 651-9773
Carl Martin,DID048,GMC Savana,573-680-6851 x617
Logan Stevenson,DID049,Renault Master,1-347-041-7816
John Clark,DID050,Chevrolet Express,910 871 8280
